{"cameraMode":{"drawMode":0,"name":"Shaded","section":"Shading Mode"},"sceneLighting":false,"audioPlay":false,"sceneViewState":{"showFog":true,"showMaterialUpdate":false,"showSkybox":true,"showFlares":true,"showImageEffects":true,"showParticleSystems":true},"in2DMode":false,"pivot":{"x":15.6983003616333,"y":-1.826653242111206,"z":5.292731285095215},"rotation":{"x":0.0847214087843895,"y":-0.8897324800491333,"z":0.40892332792282107,"w":0.1843370497226715},"size":8.652681350708008,"orthographic":false}