{"cameraMode":{"drawMode":0,"name":"Shaded","section":"Shading Mode"},"sceneLighting":false,"audioPlay":false,"sceneViewState":{"showFog":true,"showMaterialUpdate":false,"showSkybox":true,"showFlares":true,"showImageEffects":true,"showParticleSystems":true},"in2DMode":false,"pivot":{"x":29.440773010253908,"y":-2.5100784301757814,"z":14.30720329284668},"rotation":{"x":-0.2502233684062958,"y":-0.6278893947601318,"z":0.22374264895915986,"w":-0.702198326587677},"size":12.565461158752442,"orthographic":false}