{"cameraMode":{"drawMode":0,"name":"Shaded","section":"Shading Mode"},"sceneLighting":true,"audioPlay":false,"sceneViewState":{"showFog":true,"showMaterialUpdate":false,"showSkybox":true,"showFlares":true,"showImageEffects":true,"showParticleSystems":true},"in2DMode":false,"pivot":{"x":18.276870727539064,"y":-12.695049285888672,"z":3.120105028152466},"rotation":{"x":0.7045026421546936,"y":0.04014408960938454,"z":-0.03997747600078583,"w":0.7074363827705383},"size":60.02189254760742,"orthographic":false}