{"cameraMode":{"drawMode":0,"name":"Shaded","section":"Shading Mode"},"sceneLighting":false,"audioPlay":false,"sceneViewState":{"showFog":true,"showMaterialUpdate":false,"showSkybox":true,"showFlares":true,"showImageEffects":true,"showParticleSystems":true},"in2DMode":false,"pivot":{"x":26.822736740112306,"y":-4.617627143859863,"z":-10.702733993530274},"rotation":{"x":0.4666156768798828,"y":0.4483031928539276,"z":-0.2980968654155731,"w":0.7017351984977722},"size":11.857048034667969,"orthographic":false}