{"cameraMode":{"drawMode":0,"name":"Shaded","section":"Shading Mode"},"sceneLighting":false,"audioPlay":false,"sceneViewState":{"showFog":true,"showMaterialUpdate":false,"showSkybox":true,"showFlares":true,"showImageEffects":true,"showParticleSystems":true},"in2DMode":false,"pivot":{"x":26.402135848999025,"y":-4.341160774230957,"z":-11.512479782104493},"rotation":{"x":0.18802031874656678,"y":0.7374549508094788,"z":-0.6071730256080627,"w":0.22836290299892426},"size":7.7473883628845219,"orthographic":false}