{"cameraMode":{"drawMode":0,"name":"Shaded","section":"Shading Mode"},"sceneLighting":true,"audioPlay":false,"sceneViewState":{"showFog":true,"showMaterialUpdate":false,"showSkybox":true,"showFlares":true,"showImageEffects":true,"showParticleSystems":true},"in2DMode":false,"pivot":{"x":15.816726684570313,"y":-11.847198486328125,"z":-1.8197393417358399},"rotation":{"x":-0.1978437751531601,"y":-0.7872109413146973,"z":0.49005454778671267,"w":-0.3178102970123291},"size":55.60414123535156,"orthographic":false}