{"cameraMode":{"drawMode":0,"name":"Shaded","section":"Shading Mode"},"sceneLighting":false,"audioPlay":false,"sceneViewState":{"showFog":true,"showMaterialUpdate":false,"showSkybox":true,"showFlares":true,"showImageEffects":true,"showParticleSystems":true},"in2DMode":false,"pivot":{"x":-4.349891662597656,"y":1.0926966667175294,"z":8.306297302246094},"rotation":{"x":0.3154689073562622,"y":0.044100455939769748,"z":-0.014678379520773888,"w":0.9477970004081726},"size":9.073116302490235,"orthographic":false}