{"cameraMode":{"drawMode":0,"name":"Shaded","section":"Shading Mode"},"sceneLighting":false,"audioPlay":false,"sceneViewState":{"showFog":true,"showMaterialUpdate":false,"showSkybox":true,"showFlares":true,"showImageEffects":true,"showParticleSystems":true},"in2DMode":false,"pivot":{"x":3.4569997787475588,"y":-0.11330890655517578,"z":-11.847596168518067},"rotation":{"x":-0.44266387820243838,"y":-0.555199384689331,"z":0.4641496539115906,"w":-0.5294973254203796},"size":22.863069534301759,"orthographic":false}